FirstName,LastName,DateOfBirth,Email,Phone1,Phone1Code, Identified Gender,HelperEmail,HelperStartDate,CollaborationName,CollaborationStartDate,Race/Ethnicity1,Race/Ethnicity2,Race/Ethnicity3,Race/Ethnicity4,Race/Ethnicity5,IdentifierType1,IdentifierType2,IdentifierType3,IdentifierType4,IdentifierType5,IdentifierTypeID1,IdentifierTypeID2,IdentifierTypeID3,IdentifierTypeID4,IdentifierTypeID5
,,,,,,,,,,,,,,,,,,,,,,,,,
,,,,,,,,,,,,,,,,,,,,,,,,,
,,,,,,,,,,,,,,,,,,,,,,,,,
,,,,,,,,,,,,,,,,,,,,,,,,,
,,,,,,,,,,,,,,,,,,,,,,,,,
,,,,,,,,,,,,,,,,,,,,,,,,,
,,,,,,,,,,,,,,,,,,,,,,,,,
,,,,,,,,,,,,,,,,,,,,,,,,,
,,,,,,,,,,,,,,,,,,,,,,,,,
,,,,,,,,,,,,,,,,,,,,,,,,,
,,,,,,,,,,,,,,,,,,,,,,,,,
,,,,,,,,,,,,,,,,,,,,,,,,,
,,,,,,,,,,,,,,,,,,,,,,,,,
,,,,,,,,,,,,,,,,,,,,,,,,,
,,,,,,,,,,,,,,,,,,,,,,,,,
,,,,,,,,,,,,,,,,,,,,,,,,,
